Ber.;Klassen-bez.;Gliedg.;Jg.;Fachkl.;Anlage APO-BK;BG Bildungsgang;BB Berufsbezeichnung;FB Fachbereich;BF;FR;FS;Berufsfeld/Fachrichtung/ Fachlicher Schwerpunkt;SP Schwerpunkt;BB Berufsbezeichnung Plural;HJ-Zeugnisse Anlage:;J/V-Zeugnisse Anlage:;Laufbahnbesch. Anlage:;AB-Zeugnisse Anlage:;AB-Zeugnisse + FOR Anlage:;AB-Zeugnisse + FORQ Anlage:;AB-Zeugnisse + FHR Anlage:;AB-Zeugnisse + FHRsT Anlage:;Besch. FHR nach Prakt.;AB-Zeugnis + AHR Anlage:;AZO-Zeugnisse Anlage:;Externen-Prüfung
FREC;F11G1;C05;1;106-00;C3;Fachoberschule;;Gestaltung;;;;;;;C6;C6;;;;;C10;;;;;
FREC;F11G2;C05;1;106-00;C3;Fachoberschule;;Gestaltung;;;;;;;C6;C6;;;;;C10;;;;;
FREC;F12G1;C06;1;106-00;C9(alt);Fachoberschule für Gestaltung;;Gestaltung;;;;;;;C6;C6;;;;;C10;;;;;
FREC;F12G2;C06;1;106-00;C9(alt);Fachoberschule für Gestaltung;;Gestaltung;;;;;;;C6;C6;;;;;C10;;;;;
FREC;FOSG1;C08;1;106-00;C3;Fachoberschule nach Berufsabschluss;;Gestaltung;;;;;;;C6;C6;;;;;C10;;;;;
FREC;FOSG2;C08;1;106-00;C3;Fachoberschule nach Berufsabschluss;;Gestaltung;;;;;;;C6;C6;;;;;C10;;;;;
FULN;BFT;B07;1;106-08;B2;Berufsfachschule;;Technik/ Naturwissenschaften;x;;;Textiltechnik und Bekleidung;;;B4;B4;;B4;B4;B4;;;;;B4;
FULN;FLM;A01;2;217-00;A1;Fachklasse des dualen Systems der Berufsausbildung für ;Florist/ Floristin;Gestaltung;;;;;;Floristen/ Floristinnen;A 1.5;A 1.5;;A 1.6;A 1.8;;A 1.9;;;;A 1.7;
FULN;FLO;A01;3;217-00;A1;Fachklasse des dualen Systems der Berufsausbildung für ;Florist/ Floristin;Gestaltung;;;;;;Floristen/ Floristinnen;A 1.5;A 1.5;;A 1.6;A 1.8;;A 1.9;;;;A 1.7;
FULN;FLU;A01;1;217-00;A1;Fachklasse des dualen Systems der Berufsausbildung für ;Florist/ Floristin;Gestaltung;;;;;;Floristen/ Floristinnen;A 1.5;A 1.5;;A 1.6;A 1.8;;A 1.9;;;;A 1.7;
FULN;HBKM;C01;2;120-00;C1;Staatlich geprüfter Kosmetiker/ Staatlich geprüfte Kosmetikerin;Staatlich geprüfter Kosmetiker/ Staatlich geprüfte Kosmetikerin;Gesundheit/ Soziales;;;;;;Staatlich geprüfte Kosmetiker/ Staatlich geprüfte Kosmetikerinnen;C6;C6;;;;;;;;;C5;
FULN;HBKO;C01;3;120-00;C1;Staatlich geprüfter Kosmetiker/ Staatlich geprüfte Kosmetikerin;Staatlich geprüfter Kosmetiker/ Staatlich geprüfte Kosmetikerin;Gesundheit/ Soziales;;;;;;Staatlich geprüfte Kosmetiker/ Staatlich geprüfte Kosmetikerinnen;C6;;;C9;;;;C7;;;C5;
FULN;HBKU;C01;1;120-00;C1;Staatlich geprüfter Kosmetiker/ Staatlich geprüfte Kosmetikerin;Staatlich geprüfter Kosmetiker/ Staatlich geprüfte Kosmetikerin;Gesundheit/ Soziales;;;;;;Staatlich geprüfte Kosmetiker/ Staatlich geprüfte Kosmetikerinnen;C6;;;;;;;;;;C5;
FULN;HBTO;C03;2;111-00;C5(alt);Berufsfachschule Textiltechnik und Bekleidung;Maßschneider/ Maßschneiderin;Technik/ Naturwissenschaften;;;x;Textiltechnik und Bekleidung;;Maßschneider/ Maßschneiderinnen;;;;;;;;;;;;
FULN;HBTU;C03;1;111-00;C2;Berufsfachschule;Maßschneider/ Maßschneiderin;Technik/ Naturwissenschaften;;;x;Textiltechnik und Bekleidung;;Maßschneider/ Maßschneiderinnen;C5;C6;;;;;;C7;x;;;
FULN;KSM;A01;2;515-00;A1;Fachklasse des dualen Systems der Berufsausbildung für ;Kosmetiker/ Kosmetikerin;Gesundheit/ Erziehung und Soziales;x;;;Körperpflege;;Kosmetiker/ Kosmetikerinnen;A 1.5;A 1.5;;A 1.6;A 1.8;;A 1.9;;;;A 1.7;
FULN;KSO;A01;3;515-00;A1;Fachklasse des dualen Systems der Berufsausbildung für ;Kosmetiker/ Kosmetikerin;Gesundheit/ Erziehung und Soziales;x;;;Körperpflege;;Kosmetiker/ Kosmetikerinnen;A 1.5;A 1.5;;A 1.6;A 1.8;;A 1.9;;;;A 1.7;
FULN;KSU;A01;1;515-00;A1;Fachklasse des dualen Systems der Berufsausbildung für ;Kosmetiker/ Kosmetikerin;Gesundheit/ Erziehung und Soziales;x;;;Körperpflege;;Kosmetiker/ Kosmetikerinnen;A 1.5;A 1.5;;A 1.6;A 1.8;;A 1.9;;;;A 1.7;
FULN;SIM;A01;2;350-00;A1;Fachklasse des dualen Systems der Berufsausbildung für ;Modenäher/ Modenäherin;Technik/ Naturwissenschaften;;;;;;Modenäher/ Modenäherinnen;A 1.5;A 1.5;;A 1.6;A 1.8;;A 1.9;;;;A 1.7;
FULN;SIM;A01;2;351-00;A1;Fachklasse des dualen Systems der Berufsausbildung für ;Modeschneider/ Modeschneiderin;Technik/ Naturwissenschaften;;;;;;Modeschneider/ Modeschneiderinnen;A 1.5;A 1.5;;A 1.6;A 1.8;;A 1.9;;;;A 1.7;
FULN;SIM;A01;2;538-00;A1;Fachklasse des dualen Systems der Berufsausbildung für ;Änderungsschneider/ Änderungsschneiderin;Technik/ Naturwissenschaften;;;;;;Änderungsschneider/ Änderungsschneiderinnen;A 1.5;A 1.5;;A 1.6;A 1.8;;A 1.9;;;;A 1.7;
FULN;SIO;A01;3;351-00;A1;Fachklasse des dualen Systems der Berufsausbildung für ;Modeschneider/ Modeschneiderin;Technik/ Naturwissenschaften;;;;;;Modeschneider/ Modeschneiderinnen;A 1.5;A 1.5;;A 1.6;A 1.8;;A 1.9;;;;A 1.7;
FULN;SIU;A01;1;615-00;A1;Fachklasse des dualen Systems der Berufsausbildung für ;Textil- und Modenäher/ Textil- und Modenäherin;Technik/ Naturwissenschaften;;;;;;Textil- und Modenäher/ Textil- und Modenäherinnen;A 1.5;A 1.5;;A 1.6;A 1.8;;A 1.9;;;;A 1.7;
FULN;SIU;A01;1;616-00;A1;Fachklasse des dualen Systems der Berufsausbildung für ;Textil- und Modeschneider/ Textil- und Modeschneiderin;Technik/ Naturwissenschaften;;;;;;Textil- und Modeschneider/ Textil- und Modeschneiderinnen;A 1.5;A 1.5;;A 1.6;A 1.8;;A 1.9;;;;A 1.7;
FULN;SIU;A01;1;538-00;A1;Fachklasse des dualen Systems der Berufsausbildung für ;Änderungsschneider/ Änderungsschneiderin;Technik/ Naturwissenschaften;;;;;;Änderungsschneider/ Änderungsschneiderinnen;A 1.5;A 1.5;;A 1.6;A 1.8;;A 1.9;;;;A 1.7;
FULN;SM;A01;2;532-00;A1;Fachklasse des dualen Systems der Berufsausbildung für ;Maßschneider/ Maßschneiderin;Technik/ Naturwissenschaften;;;;;;Maßschneider/ Maßschneiderinnen;A 1.5;A 1.5;;A 1.6;A 1.8;;A 1.9;;;;A 1.7;
FULN;SO;A01;3;532-00;A1;Fachklasse des dualen Systems der Berufsausbildung für ;Maßschneider/ Maßschneiderin;Technik/ Naturwissenschaften;;;;;;Maßschneider/ Maßschneiderinnen;A 1.5;A 1.5;;A 1.6;A 1.8;;A 1.9;;;;A 1.7;
FULN;SU;A01;1;532-00;A1;Fachklasse des dualen Systems der Berufsausbildung für ;Maßschneider/ Maßschneiderin;Technik/ Naturwissenschaften;;;;;;Maßschneider/ Maßschneiderinnen;A 1.5;A 1.5;;A 1.6;A 1.8;;A 1.9;;;;A 1.7;
KUHL;F13S;D05;1;109-00;D29;Fachoberschule, Klasse 13;;Gesundheit und Soziales;;;;;;;;;;;;;;;;;D30a;
KUHL;FOSGS;C08;1;109-00;C3;Fachoberschule nach Berufsabschluss;;Gesundheit und Soziales;;;;;;;C6;C6;;;;;C10;;;;;
KUHL;GY11;D02;1;120-00;D;Berufliches Gymnasium für Gesundheit;;Gesundheit und Soziales;;;x;Gesundheit;;;D32;D32;;;;;;;;;D30 od.    D31;
KUHL;GY12;D02;2;120-00;D;Berufliches Gymnasium für Gesundheit;;Gesundheit und Soziales;;;x;Gesundheit;;;;;D33a;;;;;;;;D35;
KUHL;GY13;D02;3;120-00;D;Berufliches Gymnasium für Gesundheit;;Gesundheit und Soziales;;;x;Gesundheit;;;;;D33a;;;;;;;D41;D35;
KÜHN;AV1;A12;1;104-02;A2;Ausbildungsvorbereitung;;Gesundheit/ Erziehung und Soziales;x;;;Sozialwesen;;;A 2.3;;;A 2.3;;;;;;;A 2.3;
KÜHN;AV2;A12;1;104-02;A2;Ausbildungsvorbereitung;;Gesundheit/ Erziehung und Soziales;x;;;Sozialwesen;;;A 2.3;;;A 2.3;;;;;;;A 2.3;
KÜHN;AV3;A12;1;104-02;A2;Ausbildungsvorbereitung;;Gesundheit/ Erziehung und Soziales;x;;;Sozialwesen;;;A 2.3;;;A 2.3;;;;;;;A 2.3;
KÜHN;AV4;A12;1;102-00;A2;Ausbildungsvorbereitung;;Ernährungs- und Versorgungsmanagement;;;;;;;A 2.3;;;A 2.3;;;;;;;A 2.3;
KÜHN;AV5;A12;1;104-03;A2;Ausbildungsvorbereitung;;Gesundheit/ Erziehung und Soziales;x;;;Gesundheitswesen;;;A 2.3;;;A 2.3;;;;;;;A 2.3;
KÜHN;AV6;A12;1;104-01;A2;Ausbildungsvorbereitung;;Gesundheit/ Erziehung und Soziales;x;;;Körperpflege;;;A 2.3;;;A 2.3;;;;;;;A 2.3;
KÜHN;AVI1;A12;1;999-00;A2;Ausbildungsvorbereitung;;Ernährungs- und Versorgungsmanagement;;;;;;;A 2.3;;;A 2.3;;;;;;;A 2.3;
KÜHN;AVI2;A12;1;999-00;A2;Ausbildungsvorbereitung;;Ernährungs- und Versorgungsmanagement;;;;;;;A 2.3;;;A 2.3;;;;;;;A 2.3;
KÜHN;AVI3;A12;1;999-00;A2;Ausbildungsvorbereitung;;Ernährungs- und Versorgungsmanagement;;;;;;;A 2.3;;;A 2.3;;;;;;;A 2.3;
KÜHN;AVT2;A13;1;204-03;A2;Ausbildungsvorbereitung;;Körperpflege;x;;;Körperpflege;;;A 2.3;;;A 2.3;;;;;;;A 2.3;
KÜHN;BFI;B06;1;999-00;B1;Berufsfachschule Internationale berufliche Einstiegsqualifizierung;;Gesundheit/ Erziehung und Soziales;x;;;Körperpflege;;;B4;B4;;B4;;;;;;;B4;
MERZ;AVT1;A12;1;101-00;A2;Ausbildungsvorbereitung;;Agrarwirtschaft;;;;;;;A 2.3;;;A 2.3;;;;;;;A 2.3;
MERZ;FWM;A01;2;222-00;A1;Fachklasse des dualen Systems der Berufsausbildung für ;Forstwirt/ Forstwirtin;Agrarwirtschaft;;;;;;Forstwirte/ Forstwirtinnen;A 1.5;A 1.5;;A 1.6;A 1.8;;A 1.9;;;;A 1.7;
MERZ;FWU;A01;1;222-00;A1;Fachklasse des dualen Systems der Berufsausbildung für ;Forstwirt/ Forstwirtin;Agrarwirtschaft;;;;;;Forstwirte/ Forstwirtinnen;A 1.5;A 1.5;;A 1.6;A 1.8;;A 1.9;;;;A 1.7;
MERZ;GFM;A01;2;232-04;A1;Fachklasse des dualen Systems der Berufsausbildung für ;Gärtner/ Gärtnerin;Agrarwirtschaft;;x;;Friedhofsgärtnerei;;Gärtner/ Gärtnerinnen;A 1.5;A 1.5;;A 1.6;A 1.8;;A 1.9;;;;A 1.7;
MERZ;GFO;A01;3;232-04;A1;Fachklasse des dualen Systems der Berufsausbildung für ;Gärtner/ Gärtnerin;Agrarwirtschaft;;x;;Friedhofsgärtnerei;;Gärtner/ Gärtnerinnen;A 1.5;A 1.5;;A 1.6;A 1.8;;A 1.9;;;;A 1.7;
MERZ;GFU;A01;1;232-04;A1;Fachklasse des dualen Systems der Berufsausbildung für ;Gärtner/ Gärtnerin;Agrarwirtschaft;;x;;Friedhofsgärtnerei;;Gärtner/ Gärtnerinnen;A 1.5;A 1.5;;A 1.6;A 1.8;;A 1.9;;;;A 1.7;
MERZ;GLM1;A01;2;232-01;A1;Fachklasse des dualen Systems der Berufsausbildung für ;Gärtner/ Gärtnerin;Agrarwirtschaft;;x;;Garten- und Landschaftsbau;;Gärtner/ Gärtnerinnen;A 1.5;A 1.5;;A 1.6;A 1.8;;A 1.9;;;;A 1.7;
MERZ;GLM2;A01;2;232-01;A1;Fachklasse des dualen Systems der Berufsausbildung für ;Gärtner/ Gärtnerin;Agrarwirtschaft;;x;;Garten- und Landschaftsbau;;Gärtner/ Gärtnerinnen;A 1.5;A 1.5;;A 1.6;A 1.8;;A 1.9;;;;A 1.7;
MERZ;GLM3;A01;2;232-01;A1;Fachklasse des dualen Systems der Berufsausbildung für ;Gärtner/ Gärtnerin;Agrarwirtschaft;;x;;Garten- und Landschaftsbau;;Gärtner/ Gärtnerinnen;A 1.5;A 1.5;;A 1.6;A 1.8;;A 1.9;;;;A 1.7;
MERZ;GLO1;A01;3;232-01;A1;Fachklasse des dualen Systems der Berufsausbildung für ;Gärtner/ Gärtnerin;Agrarwirtschaft;;x;;Garten- und Landschaftsbau;;Gärtner/ Gärtnerinnen;A 1.5;A 1.5;;A 1.6;A 1.8;;A 1.9;;;;A 1.7;
MERZ;GLO2;A01;3;232-01;A1;Fachklasse des dualen Systems der Berufsausbildung für ;Gärtner/ Gärtnerin;Agrarwirtschaft;;x;;Garten- und Landschaftsbau;;Gärtner/ Gärtnerinnen;A 1.5;A 1.5;;A 1.6;A 1.8;;A 1.9;;;;A 1.7;
MERZ;GLO3;A01;3;232-01;A1;Fachklasse des dualen Systems der Berufsausbildung für ;Gärtner/ Gärtnerin;Agrarwirtschaft;;x;;Garten- und Landschaftsbau;;Gärtner/ Gärtnerinnen;A 1.5;A 1.5;;A 1.6;A 1.8;;A 1.9;;;;A 1.7;
MERZ;GLU1;A01;1;232-01;A1;Fachklasse des dualen Systems der Berufsausbildung für ;Gärtner/ Gärtnerin;Agrarwirtschaft;;x;;Garten- und Landschaftsbau;;Gärtner/ Gärtnerinnen;A 1.5;A 1.5;;A 1.6;A 1.8;;A 1.9;;;;A 1.7;
MERZ;GLU2;A01;1;232-01;A1;Fachklasse des dualen Systems der Berufsausbildung für ;Gärtner/ Gärtnerin;Agrarwirtschaft;;x;;Garten- und Landschaftsbau;;Gärtner/ Gärtnerinnen;A 1.5;A 1.5;;A 1.6;A 1.8;;A 1.9;;;;A 1.7;
MERZ;GLU3;A01;1;232-01;A1;Fachklasse des dualen Systems der Berufsausbildung für ;Gärtner/ Gärtnerin;Agrarwirtschaft;;x;;Garten- und Landschaftsbau;;Gärtner/ Gärtnerinnen;A 1.5;A 1.5;;A 1.6;A 1.8;;A 1.9;;;;A 1.7;
MERZ;GPM;A01;2;232-03;A1;Fachklasse des dualen Systems der Berufsausbildung für ;Gärtner/ Gärtnerin;Agrarwirtschaft;;x;;Baumschule;;Gärtner/ Gärtnerinnen;A 1.5;A 1.5;;A 1.6;A 1.8;;A 1.9;;;;A 1.7;
MERZ;GPM;A01;2;232-05;A1;Fachklasse des dualen Systems der Berufsausbildung für ;Gärtner/ Gärtnerin;Agrarwirtschaft;;x;;Gemüsebau;;Gärtner/ Gärtnerinnen;A 1.5;A 1.5;;A 1.6;A 1.8;;A 1.9;;;;A 1.7;
MERZ;GPM;A01;2;232-06;A1;Fachklasse des dualen Systems der Berufsausbildung für ;Gärtner/ Gärtnerin;Agrarwirtschaft;;x;;Obstbau;;Gärtner/ Gärtnerinnen;A 1.5;A 1.5;;A 1.6;A 1.8;;A 1.9;;;;A 1.7;
MERZ;GPM;A01;2;232-07;A1;Fachklasse des dualen Systems der Berufsausbildung für ;Gärtner/ Gärtnerin;Agrarwirtschaft;;x;;Staudengärtnerei;;Gärtner/ Gärtnerinnen;A 1.5;A 1.5;;A 1.6;A 1.8;;A 1.9;;;;A 1.7;
MERZ;GPM;A01;2;232-08;A1;Fachklasse des dualen Systems der Berufsausbildung für ;Gärtner/ Gärtnerin;Agrarwirtschaft;;x;;Zierpflanzenbau;;Gärtner/ Gärtnerinnen;A 1.5;A 1.5;;A 1.6;A 1.8;;A 1.9;;;;A 1.7;
MERZ;GPO;A01;3;232-03;A1;Fachklasse des dualen Systems der Berufsausbildung für ;Gärtner/ Gärtnerin;Agrarwirtschaft;;x;;Baumschule;;Gärtner/ Gärtnerinnen;A 1.5;A 1.5;;A 1.6;A 1.8;;A 1.9;;;;A 1.7;
MERZ;GPO;A01;3;232-05;A1;Fachklasse des dualen Systems der Berufsausbildung für ;Gärtner/ Gärtnerin;Agrarwirtschaft;;x;;Gemüsebau;;Gärtner/ Gärtnerinnen;A 1.5;A 1.5;;A 1.6;A 1.8;;A 1.9;;;;A 1.7;
MERZ;GPO;A01;3;232-06;A1;Fachklasse des dualen Systems der Berufsausbildung für ;Gärtner/ Gärtnerin;Agrarwirtschaft;;x;;Obstbau;;Gärtner/ Gärtnerinnen;A 1.5;A 1.5;;A 1.6;A 1.8;;A 1.9;;;;A 1.7;
MERZ;GPO;A01;3;232-07;A1;Fachklasse des dualen Systems der Berufsausbildung für ;Gärtner/ Gärtnerin;Agrarwirtschaft;;x;;Staudengärtnerei;;Gärtner/ Gärtnerinnen;A 1.5;A 1.5;;A 1.6;A 1.8;;A 1.9;;;;A 1.7;
MERZ;GPO;A01;3;232-08;A1;Fachklasse des dualen Systems der Berufsausbildung für ;Gärtner/ Gärtnerin;Agrarwirtschaft;;x;;Zierpflanzenbau;;Gärtner/ Gärtnerinnen;A 1.5;A 1.5;;A 1.6;A 1.8;;A 1.9;;;;A 1.7;
MERZ;GPU;A01;1;232-03;A1;Fachklasse des dualen Systems der Berufsausbildung für ;Gärtner/ Gärtnerin;Agrarwirtschaft;;x;;Baumschule;;Gärtner/ Gärtnerinnen;A 1.5;A 1.5;;A 1.6;A 1.8;;A 1.9;;;;A 1.7;
MERZ;GPU;A01;1;232-05;A1;Fachklasse des dualen Systems der Berufsausbildung für ;Gärtner/ Gärtnerin;Agrarwirtschaft;;x;;Gemüsebau;;Gärtner/ Gärtnerinnen;A 1.5;A 1.5;;A 1.6;A 1.8;;A 1.9;;;;A 1.7;
MERZ;GPU;A01;1;232-06;A1;Fachklasse des dualen Systems der Berufsausbildung für ;Gärtner/ Gärtnerin;Agrarwirtschaft;;x;;Obstbau;;Gärtner/ Gärtnerinnen;A 1.5;A 1.5;;A 1.6;A 1.8;;A 1.9;;;;A 1.7;
MERZ;GPU;A01;1;232-07;A1;Fachklasse des dualen Systems der Berufsausbildung für ;Gärtner/ Gärtnerin;Agrarwirtschaft;;x;;Staudengärtnerei;;Gärtner/ Gärtnerinnen;A 1.5;A 1.5;;A 1.6;A 1.8;;A 1.9;;;;A 1.7;
MERZ;GPU;A01;1;232-08;A1;Fachklasse des dualen Systems der Berufsausbildung für ;Gärtner/ Gärtnerin;Agrarwirtschaft;;x;;Zierpflanzenbau;;Gärtner/ Gärtnerinnen;A 1.5;A 1.5;;A 1.6;A 1.8;;A 1.9;;;;A 1.7;
MEYE;BEVO;B01;2;150-01;B2(alt);Staatlich geprüfter Assistent/ staatlich geprüfte Assistentin für Ernährung und Versorgung;Staatlich geprüfter Assistent/ staatlich geprüfte Assistentin für Ernährung und Versorgung;Ernährungs- und Versorgungsmanagement;;;;;Service;Staatlich geprüfte Assistenten/ staatlich geprüfte Assistentinnen für Ernährung und Versorgung;B5(neu);B5(neu);;;;;;;;;B5(neu);
MEYE;BEVU;B08;1;101-00;B3;Staatlich geprüfter Assistent/ staatlich geprüfte Assistentin für Ernährung und Versorgung;Staatlich geprüfter Assistent/ staatlich geprüfte Assistentin für Ernährung und Versorgung;Ernährungs- und Versorgungsmanagement;;;;;Service;Staatlich geprüfte Assistenten/ staatlich geprüfte Assistentinnen für Ernährung und Versorgung;B5;B5;;;;;;;;;B5;
MEYE;BFGO;B02;2;115-02;B2;Berufsfachschule;;Gesundheit/ Erziehung und Soziales;x;;;Gesundheitswesen;;;B4;B4;;;B4;B4;;;;;B5(neu);
MEYE;BSZO1;B01;2;151-00;B2(alt);Staatlich geprüfter Sozialassistent/ staatlich geprüfte Sozialassistentin;Staatlich geprüfter Sozialassistent/ staatlich geprüfte Sozialassistentin;Gesundheit/ Erziehung und Soziales;x;;;Sozialwesen;;Staatlich geprüfte Sozialassistenten/ staatlich geprüfte Sozialassistentinnen;B5(neu);B5(neu);;;;;;;;;B5(neu);
MEYE;BSZO2;B01;2;151-00;B2(alt);Staatlich geprüfter Sozialassistent/ staatlich geprüfte Sozialassistentin;Staatlich geprüfter Sozialassistent/ staatlich geprüfte Sozialassistentin;Gesundheit/ Erziehung und Soziales;x;;;Sozialwesen;;Staatlich geprüfte Sozialassistenten/ staatlich geprüfte Sozialassistentinnen;B5(neu);B5(neu);;;;;;;;;B5(neu);
MEYE;BSZU1;B08;1;103-00;B3;Staatlich geprüfter Sozialassistent/ staatlich geprüfte Sozialassistentin;Staatlich geprüfter Sozialassistent/ staatlich geprüfte Sozialassistentin;Gesundheit/ Erziehung und Soziales;x;;;Sozialwesen;;Staatlich geprüfte Sozialassistenten/ staatlich geprüfte Sozialassistentinnen;B5;B5;;;;;;;;;B5;
MEYE;BSZU2;B08;1;103-00;B3;Staatlich geprüfter Sozialassistent/ staatlich geprüfte Sozialassistentin;Staatlich geprüfter Sozialassistent/ staatlich geprüfte Sozialassistentin;Gesundheit/ Erziehung und Soziales;x;;;Sozialwesen;;Staatlich geprüfte Sozialassistenten/ staatlich geprüfte Sozialassistentinnen;B5;B5;;;;;;;;;B5;
NAGE;FM2;A01;2;228-00;A1;Fachklasse des dualen Systems der Berufsausbildung für ;Friseur/ Friseurin;Gesundheit/ Erziehung und Soziales;;;;;;Friseure/ Friseurinnen;A 1.5;A 1.5;;A 1.6;A 1.8;;A 1.9;;;;A 1.7;
NAGE;FM3;A01;2;228-00;A1;Fachklasse des dualen Systems der Berufsausbildung für ;Friseur/ Friseurin;Gesundheit/ Erziehung und Soziales;;;;;;Friseure/ Friseurinnen;A 1.5;A 1.5;;A 1.6;A 1.8;;A 1.9;;;;A 1.7;
NAGE;FM4;A01;2;228-00;A1;Fachklasse des dualen Systems der Berufsausbildung für ;Friseur/ Friseurin;Gesundheit/ Erziehung und Soziales;;;;;;Friseure/ Friseurinnen;A 1.5;A 1.5;;A 1.6;A 1.8;;A 1.9;;;;A 1.7;
NAGE;FO1;A01;3;228-00;A1;Fachklasse des dualen Systems der Berufsausbildung für ;Friseur/ Friseurin;Gesundheit/ Erziehung und Soziales;;;;;;Friseure/ Friseurinnen;A 1.5;A 1.5;;A 1.6;A 1.8;;A 1.9;;;;A 1.7;
NAGE;FO2;A01;3;228-00;A1;Fachklasse des dualen Systems der Berufsausbildung für ;Friseur/ Friseurin;Gesundheit/ Erziehung und Soziales;;;;;;Friseure/ Friseurinnen;A 1.5;A 1.5;;A 1.6;A 1.8;;A 1.9;;;;A 1.7;
NAGE;FO3;A01;3;228-00;A1;Fachklasse des dualen Systems der Berufsausbildung für ;Friseur/ Friseurin;Gesundheit/ Erziehung und Soziales;;;;;;Friseure/ Friseurinnen;A 1.5;A 1.5;;A 1.6;A 1.8;;A 1.9;;;;A 1.7;
NAGE;FO4;A01;3;228-00;A1;Fachklasse des dualen Systems der Berufsausbildung für ;Friseur/ Friseurin;Gesundheit/ Erziehung und Soziales;;;;;;Friseure/ Friseurinnen;A 1.5;A 1.5;;A 1.6;A 1.8;;A 1.9;;;;A 1.7;
NAGE;FU1;A01;1;228-00;A1;Fachklasse des dualen Systems der Berufsausbildung für ;Friseur/ Friseurin;Gesundheit/ Erziehung und Soziales;;;;;;Friseure/ Friseurinnen;A 1.5;A 1.5;;A 1.6;A 1.8;;A 1.9;;;;A 1.7;
NAGE;FU2;A01;1;228-00;A1;Fachklasse des dualen Systems der Berufsausbildung für ;Friseur/ Friseurin;Gesundheit/ Erziehung und Soziales;;;;;;Friseure/ Friseurinnen;A 1.5;A 1.5;;A 1.6;A 1.8;;A 1.9;;;;A 1.7;
NAGE;FU3;A01;1;228-00;A1;Fachklasse des dualen Systems der Berufsausbildung für ;Friseur/ Friseurin;Gesundheit/ Erziehung und Soziales;;;;;;Friseure/ Friseurinnen;A 1.5;A 1.5;;A 1.6;A 1.8;;A 1.9;;;;A 1.7;
NAGE;FU4;A01;1;228-00;A1;Fachklasse des dualen Systems der Berufsausbildung für ;Friseur/ Friseurin;Gesundheit/ Erziehung und Soziales;;;;;;Friseure/ Friseurinnen;A 1.5;A 1.5;;A 1.6;A 1.8;;A 1.9;;;;A 1.7;
POTT;BFG;B06;1;104-01;B1;Berufsfachschule;;Gesundheit/Erziehung und Soziales;x;;;Gesundheitswesen;;;B4;B4;;B4;;;;;;;B4;
POTT;BFG;B07;1;104-01;B2;Berufsfachschule;;Gesundheit/Erziehung und Soziales;x;;;Gesundheitswesen;;;B4;B4;;B4;;;;;;;B4;
POTT;BFK;B06;1;104-03;B1;Berufsfachschule;;Gesundheit/ Erziehung und Soziales;x;;;Körperpflege;;;B4;B4;;B4;;;;;;;B4;
POTT;BFK;B07;1;104-03;B2;Berufsfachschule;;Gesundheit/ Erziehung und Soziales;x;;;Körperpflege;;;B4;B4;;B4;B4;B4;;;;;B4;
POTT;BFSO;B07;1;104-02;B2;Berufsfachschule;;Gesundheit/ Erziehung und Soziales;x;;;Sozialwesen;;;B4;B4;;;B4;B4;;;;;B4;
POTT;BFSU;B06;1;104-02;B1;Berufsfachschule;;Gesundheit/ Erziehung und Soziales;x;;;Sozialwesen;;;B4;B4;;B4;;;;;;;B4;
RIBI;BHEO;B01;2;151-01;B3;Staatlich geprüfter Sozialassistent/ staatlich geprüfte Sozialassistentin, Schwerpunkt Heilerziehung;Staatlich geprüfter Sozialassistent/ staatlich geprüfte Sozialassistentin, Schwerpunkt Heilerziehung;Gesundheit/ Erziehung und Soziales;x;;;Sozialwesen;;Staatlich geprüfte Sozialassistenten/ staatlich geprüfte Sozialassistentinnen, Schwerpunkt Heilerziehung;B5;B5;;;;;;;;;B5;
RIBI;BHEU;B08;1;103-01;B3;Staatlich geprüfter Sozialassistent/ staatlich geprüfte Sozialassistentin, Schwerpunkt Heilerziehung;Staatlich geprüfter Sozialassistent/ staatlich geprüfte Sozialassistentin, Schwerpunkt Heilerziehung;Gesundheit/ Erziehung und Soziales;x;;;Sozialwesen;;Staatlich geprüfte Sozialassistenten/ staatlich geprüfte Sozialassistentinnen, Schwerpunkt Heilerziehung;B5;B5;;;;;;;;;B5;
RIBI;BKIO1;B01;2;134-00;B3;Staatlich geprüfter Kinderpfleger/ staatlich geprüfte Kinderpflegerin;Staatlich geprüfter Kinderpfleger/ staatlich geprüfte Kinderpflegerin;Gesundheit/ Erziehung und Soziales;x;;;Sozialwesen;;Staatlich geprüfte Kinderpfleger/ staatlich geprüfte Kinderpflegerinnen;B5;B5;;;;;;;;;B5;
RIBI;BKIO2;B01;2;134-00;B3;Staatlich geprüfter Kinderpfleger/ staatlich geprüfte Kinderpflegerin;Staatlich geprüfter Kinderpfleger/ staatlich geprüfte Kinderpflegerin;Gesundheit/ Erziehung und Soziales;x;;;Sozialwesen;;Staatlich geprüfte Kinderpfleger/ staatlich geprüfte Kinderpflegerinnen;B5;B5;;;;;;;;;B5;
RIBI;BKIO3;B01;2;134-00;B3;Staatlich geprüfter Kinderpfleger/ staatlich geprüfte Kinderpflegerin;Staatlich geprüfter Kinderpfleger/ staatlich geprüfte Kinderpflegerin;Gesundheit/ Erziehung und Soziales;x;;;Sozialwesen;;Staatlich geprüfte Kinderpfleger/ staatlich geprüfte Kinderpflegerinnen;B5;B5;;;;;;;;;B5;
RIBI;BKIU1;B08;1;102-00;B3;Staatlich geprüfter Kinderpfleger/ staatlich geprüfte Kinderpflegerin;Staatlich geprüfter Kinderpfleger/ staatlich geprüfte Kinderpflegerin;Gesundheit/ Erziehung und Soziales;x;;;Sozialwesen;;Staatlich geprüfte Kinderpfleger/ staatlich geprüfte Kinderpflegerinnen;B5;B5;;;;;;;;;B5;
RIBI;BKIU2;B08;1;102-00;B3;Staatlich geprüfter Kinderpfleger/ staatlich geprüfte Kinderpflegerin;Staatlich geprüfter Kinderpfleger/ staatlich geprüfte Kinderpflegerin;Gesundheit/ Erziehung und Soziales;x;;;Sozialwesen;;Staatlich geprüfte Kinderpfleger/ staatlich geprüfte Kinderpflegerinnen;B5;B5;;;;;;;;;B5;
RIBI;BKIU3;B08;1;102-00;B3;Staatlich geprüfter Kinderpfleger/ staatlich geprüfte Kinderpflegerin;Staatlich geprüfter Kinderpfleger/ staatlich geprüfte Kinderpflegerin;Gesundheit/ Erziehung und Soziales;x;;;Sozialwesen;;Staatlich geprüfte Kinderpfleger/ staatlich geprüfte Kinderpflegerinnen;B5;B5;;;;;;;;;B5;
RIBI;FSEM1;E05;2;102-01;E3;Fachschule;Staatlich anerkannter Erzieher/ staatlich anerkannte Erzieherin/ FHR;Sozialwesen;;x;;Sozialpädagogik;;Staatlich anerkannte Erzieher/ staatlich anerkannte Erzieherinnen/ FHR;;;;;;;;;;;;
RIBI;FSEM2;E05;2;102-01;E3;Fachschule;Staatlich anerkannter Erzieher/ staatlich anerkannte Erzieherin/ FHR;Sozialwesen;;x;;Sozialpädagogik;;Staatlich anerkannte Erzieher/ staatlich anerkannte Erzieherinnen/ FHR;;;;;;;;;;;;
RIBI;FSEMX;E05;2;102-01;;Fachschule;;;;;;;;;;;;;;;;;;;;
RIBI;FSEO1;E05;3;102-02;E3;Fachschule;Staatlich anerkannter Erzieher/ staatlich anerkannte Erzieherin/ FHR;Sozialwesen;;x;;Sozialpädagogik;;Staatlich anerkannte Erzieher/ staatlich anerkannte Erzieherinnen/ FHR;;;;E5;;;E7;;;;E6;E8
RIBI;FSEO2;E05;3;102-02;E3;Fachschule;Staatlich anerkannter Erzieher/ staatlich anerkannte Erzieherin/ FHR;Sozialwesen;;x;;Sozialpädagogik;;Staatlich anerkannte Erzieher/ staatlich anerkannte Erzieherinnen/ FHR;;;;E5;;;E7;;;;E6;E8
RIBI;FSEQO;E05;2;102-05;E3;Fachschule, Qualifizierungsmaßnahme für Ergänzungskräfte;;Sozialwesen;;x;;Sozialpädagogik;;;;;;;;;;;;;;
RIBI;FSEQU;E05;1;102-05;E3;Fachschule, Qualifizierungsmaßnahme für Ergänzungskräfte;;Sozialwesen;;x;;Sozialpädagogik;;;;;;;;;;;;;;
RIBI;FSEU1;E05;1;102-01;E3;Fachschule;Staatlich anerkannter Erzieher/ staatlich anerkannte Erzieherin/ FHR;Sozialwesen;;x;;Sozialpädagogik;;Staatlich anerkannte Erzieher/ staatlich anerkannte Erzieherinnen/ FHR;;;;;;;;;;;;
RIBI;FSEU2;E05;1;102-01;E3;Fachschule;Staatlich anerkannter Erzieher/ staatlich anerkannte Erzieherin/ FHR;Sozialwesen;;x;;Sozialpädagogik;;Staatlich anerkannte Erzieher/ staatlich anerkannte Erzieherinnen/ FHR;;;;;;;;;;;;
SCHL;F11S1;C05;1;109-00;C3;Fachoberschule;;Gesundheit/ Soziales;;;;;;;C6;C6;;;;;C10;;;;;
SCHL;F11S2;C05;1;109-00;C3;Fachoberschule;;Gesundheit/ Soziales;;;;;;;C6;C6;;;;;C10;;;;;
SCHL;F11S3;C05;1;109-00;C3;Fachoberschule;;Gesundheit/ Soziales;;;;;;;C6;C6;;;;;C10;;;;;
SCHL;F12S1;C06;1;109-00;C9(alt);Fachoberschule für Gesundheit und Soziales;;Gesundheit/ Soziales;;;;;;;C6;C6;;;;;C10;;;;;
SCHL;F12S2;C06;1;109-00;C9(alt);Fachoberschule für Gesundheit und Soziales;;Gesundheit/ Soziales;;;;;;;C6;C6;;;;;C10;;;;;
SCHL;F12S3;C06;1;109-00;C9(alt);Fachoberschule für Gesundheit und Soziales;;Gesundheit/ Soziales;;;;;;;C6;C6;;;;;C10;;;;;
SCHL;HBGO;C03;2;110-00;C5(alt);Berufsfachschule für Gesundheit und Soziales;;Gesundheit/ Soziales;;;;;;;;;;;;;;;;;;
SCHL;HBGU;C03;1;110-00;C2;Berufsfachschule;;Gesundheit/ Soziales;;;;;;;C5;C6;;;;;;C7;x;;;
VBES;BÄM1;A01;2;110-00;A1;Fachklasse des dualen Systems der Berufsausbildung für ;Bäcker/ Bäckerin;Ernährungs- und Versorgungsmanagement;;;;;;Bäcker/ Bäckerinnen;A 1.5;A 1.5;;A 1.6;A 1.8;;A 1.9;;;;A 1.7;
VBES;BÄM2;A01;2;553-50;A1;Fachklasse des dualen Systems der Berufsausbildung für ;Fachverkäufer im Lebensmittelhandwerk/ Fachverkäuferin im Lebensmittelhandwerk;Ernährungs- und Versorgungsmanagement;;;;;Bäckerei;Fachverkäufer im Lebensmittelhandwerk/ Fachverkäuferinnen im Lebensmittelhandwerk;A 1.5;A 1.5;;A 1.6;A 1.8;;A 1.9;;;;A 1.7;
VBES;BÄM2;A01;2;553-52;A1;Fachklasse des dualen Systems der Berufsausbildung für ;Fachverkäufer im Lebensmittelhandwerk/ Fachverkäuferin im Lebensmittelhandwerk;Ernährungs- und Versorgungsmanagement;;;;;Konditorei;Fachverkäufer im Lebensmittelhandwerk/ Fachverkäuferinnen im Lebensmittelhandwerk;A 1.5;A 1.5;;A 1.6;A 1.8;;A 1.9;;;;A 1.7;
VBES;BÄM3;A01;2;553-50;A1;Fachklasse des dualen Systems der Berufsausbildung für ;Fachverkäufer im Lebensmittelhandwerk/ Fachverkäuferin im Lebensmittelhandwerk;Ernährungs- und Versorgungsmanagement;;;;;Bäckerei;Fachverkäufer im Lebensmittelhandwerk/ Fachverkäuferinnen im Lebensmittelhandwerk;A 1.5;A 1.5;;A 1.6;A 1.8;;A 1.9;;;;A 1.7;
VBES;BÄM3;A01;2;553-52;A1;Fachklasse des dualen Systems der Berufsausbildung für ;Fachverkäufer im Lebensmittelhandwerk/ Fachverkäuferin im Lebensmittelhandwerk;Ernährungs- und Versorgungsmanagement;;;;;Konditorei;Fachverkäufer im Lebensmittelhandwerk/ Fachverkäuferinnen im Lebensmittelhandwerk;A 1.5;A 1.5;;A 1.6;A 1.8;;A 1.9;;;;A 1.7;
VBES;BÄO1;A01;3;110-00;A1;Fachklasse des dualen Systems der Berufsausbildung für ;Bäcker/ Bäckerin;Ernährungs- und Versorgungsmanagement;;;;;;Bäcker/ Bäckerinnen;A 1.5;A 1.5;;A 1.6;A 1.8;;A 1.9;;;;A 1.7;
VBES;BÄO2;A01;3;553-50;A1;Fachklasse des dualen Systems der Berufsausbildung für ;Fachverkäufer im Lebensmittelhandwerk/ Fachverkäuferin im Lebensmittelhandwerk;Ernährungs- und Versorgungsmanagement;;;;;Bäckerei;Fachverkäufer im Lebensmittelhandwerk/ Fachverkäuferinnen im Lebensmittelhandwerk;A 1.5;A 1.5;;A 1.6;A 1.8;;A 1.9;;;;A 1.7;
VBES;BÄO2;A01;3;553-52;A1;Fachklasse des dualen Systems der Berufsausbildung für ;Fachverkäufer im Lebensmittelhandwerk/ Fachverkäuferin im Lebensmittelhandwerk;Ernährungs- und Versorgungsmanagement;;;;;Konditorei;Fachverkäufer im Lebensmittelhandwerk/ Fachverkäuferinnen im Lebensmittelhandwerk;A 1.5;A 1.5;;A 1.6;A 1.8;;A 1.9;;;;A 1.7;
VBES;BÄO3;A01;3;553-50;A1;Fachklasse des dualen Systems der Berufsausbildung für ;Fachverkäufer im Lebensmittelhandwerk/ Fachverkäuferin im Lebensmittelhandwerk;Ernährungs- und Versorgungsmanagement;;;;;Bäckerei;Fachverkäufer im Lebensmittelhandwerk/ Fachverkäuferinnen im Lebensmittelhandwerk;A 1.5;A 1.5;;A 1.6;A 1.8;;A 1.9;;;;A 1.7;
VBES;BÄO3;A01;3;553-52;A1;Fachklasse des dualen Systems der Berufsausbildung für ;Fachverkäufer im Lebensmittelhandwerk/ Fachverkäuferin im Lebensmittelhandwerk;Ernährungs- und Versorgungsmanagement;;;;;Konditorei;Fachverkäufer im Lebensmittelhandwerk/ Fachverkäuferinnen im Lebensmittelhandwerk;A 1.5;A 1.5;;A 1.6;A 1.8;;A 1.9;;;;A 1.7;
VBES;BÄU1;A01;1;110-00;A1;Fachklasse des dualen Systems der Berufsausbildung für ;Bäcker/ Bäckerin;Ernährungs- und Versorgungsmanagement;;;;;;Bäcker/ Bäckerinnen;A 1.5;A 1.5;;A 1.6;A 1.8;;A 1.9;;;;A 1.7;
VBES;BÄU2;A01;1;553-50;A1;Fachklasse des dualen Systems der Berufsausbildung für ;Fachverkäufer im Lebensmittelhandwerk/ Fachverkäuferin im Lebensmittelhandwerk;Ernährungs- und Versorgungsmanagement;;;;;Bäckerei;Fachverkäufer im Lebensmittelhandwerk/ Fachverkäuferinnen im Lebensmittelhandwerk;A 1.5;A 1.5;;A 1.6;A 1.8;;A 1.9;;;;A 1.7;
VBES;BÄU2;A01;1;553-52;A1;Fachklasse des dualen Systems der Berufsausbildung für ;Fachverkäufer im Lebensmittelhandwerk/ Fachverkäuferin im Lebensmittelhandwerk;Ernährungs- und Versorgungsmanagement;;;;;Konditorei;Fachverkäufer im Lebensmittelhandwerk/ Fachverkäuferinnen im Lebensmittelhandwerk;A 1.5;A 1.5;;A 1.6;A 1.8;;A 1.9;;;;A 1.7;
VBES;BÄU3;A01;1;553-50;A1;Fachklasse des dualen Systems der Berufsausbildung für ;Fachverkäufer im Lebensmittelhandwerk/ Fachverkäuferin im Lebensmittelhandwerk;Ernährungs- und Versorgungsmanagement;;;;;Bäckerei;Fachverkäufer im Lebensmittelhandwerk/ Fachverkäuferinnen im Lebensmittelhandwerk;A 1.5;A 1.5;;A 1.6;A 1.8;;A 1.9;;;;A 1.7;
VBES;BÄU3;A01;1;553-52;A1;Fachklasse des dualen Systems der Berufsausbildung für ;Fachverkäufer im Lebensmittelhandwerk/ Fachverkäuferin im Lebensmittelhandwerk;Ernährungs- und Versorgungsmanagement;;;;;Konditorei;Fachverkäufer im Lebensmittelhandwerk/ Fachverkäuferinnen im Lebensmittelhandwerk;A 1.5;A 1.5;;A 1.6;A 1.8;;A 1.9;;;;A 1.7;
VBES;FLEM1;A01;2;214-00;A1;Fachklasse des dualen Systems der Berufsausbildung für ;Fleischer/ Fleischerin;Ernährungs- und Versorgungsmanagement;;;;;;Fleischer/ Fleischerinnen;A 1.5;A 1.5;;A 1.6;A 1.8;;A 1.9;;;;A 1.7;
VBES;FLEM2;A01;2;553-51;A1;Fachklasse des dualen Systems der Berufsausbildung für ;Fachverkäufer im Lebensmittelhandwerk/ Fachverkäuferin im Lebensmittelhandwerk;Ernährungs- und Versorgungsmanagement;;;;;Fleischerei;Fachverkäufer im Lebensmittelhandwerk/ Fachverkäuferinnen im Lebensmittelhandwerk;A 1.5;A 1.5;;A 1.6;A 1.8;;A 1.9;;;;A 1.7;
VBES;FLEO1;A01;3;214-00;A1;Fachklasse des dualen Systems der Berufsausbildung für ;Fleischer/ Fleischerin;Ernährungs- und Versorgungsmanagement;;;;;;Fleischer/ Fleischerinnen;A 1.5;A 1.5;;A 1.6;A 1.8;;A 1.9;;;;A 1.7;
VBES;FLEO2;A01;3;553-51;A1;Fachklasse des dualen Systems der Berufsausbildung für ;Fachverkäufer im Lebensmittelhandwerk/ Fachverkäuferin im Lebensmittelhandwerk;Ernährungs- und Versorgungsmanagement;;;;;Fleischerei;Fachverkäufer im Lebensmittelhandwerk/ Fachverkäuferinnen im Lebensmittelhandwerk;A 1.5;A 1.5;;A 1.6;A 1.8;;A 1.9;;;;A 1.7;
VBES;FLEU1;A01;1;214-00;A1;Fachklasse des dualen Systems der Berufsausbildung für ;Fleischer/ Fleischerin;Ernährungs- und Versorgungsmanagement;;;;;;Fleischer/ Fleischerinnen;A 1.5;A 1.5;;A 1.6;A 1.8;;A 1.9;;;;A 1.7;
VBES;FLEU2;A01;1;553-51;A1;Fachklasse des dualen Systems der Berufsausbildung für ;Fachverkäufer im Lebensmittelhandwerk/ Fachverkäuferin im Lebensmittelhandwerk;Ernährungs- und Versorgungsmanagement;;;;;Fleischerei;Fachverkäufer im Lebensmittelhandwerk/ Fachverkäuferinnen im Lebensmittelhandwerk;A 1.5;A 1.5;;A 1.6;A 1.8;;A 1.9;;;;A 1.7;
VBES;KOM;A01;2;310-00;A1;Fachklasse des dualen Systems der Berufsausbildung für ;Konditor/ Konditorin;Ernährungs- und Versorgungsmanagement;;;;;;Konditoren/ Konditorinnen;A 1.5;A 1.5;;A 1.6;A 1.8;;A 1.9;;;;A 1.7;
VBES;KOO;A01;3;310-00;A1;Fachklasse des dualen Systems der Berufsausbildung für ;Konditor/ Konditorin;Ernährungs- und Versorgungsmanagement;;;;;;Konditoren/ Konditorinnen;A 1.5;A 1.5;;A 1.6;A 1.8;;A 1.9;;;;A 1.7;
VBES;KOU;A01;1;310-00;A1;Fachklasse des dualen Systems der Berufsausbildung für ;Konditor/ Konditorin;Ernährungs- und Versorgungsmanagement;;;;;;Konditoren/ Konditorinnen;A 1.5;A 1.5;;A 1.6;A 1.8;;A 1.9;;;;A 1.7;
VBES;TIM1;A01;2;452-03;A1;Fachklasse des dualen Systems der Berufsausbildung für ;Tierpfleger/ Tierpflegerin;Agrarwirtschaft;;x;;Zootierpfleger;;Tierpfleger/ Tierpflegerinnen;A 1.5;A 1.5;;A 1.6;A 1.8;;A 1.9;;;;A 1.7;
VBES;TIM2;A01;2;452-02;A1;Fachklasse des dualen Systems der Berufsausbildung für ;Tierpfleger/ Tierpflegerin;Agrarwirtschaft;;x;;Tierheim und Tierpension;;Tierpfleger/ Tierpflegerinnen;A 1.5;A 1.5;;A 1.6;A 1.8;;A 1.9;;;;A 1.7;
VBES;TIM3;A01;2;452-01;A1;Fachklasse des dualen Systems der Berufsausbildung für ;Tierpfleger/ Tierpflegerin;Agrarwirtschaft;;X;;Forschung und Klinik;;Tierpfleger/ Tierpflegerinnen;A 1.5;A 1.5;;A 1.6;A 1.8;;A 1.9;;;;A 1.7;
VBES;TIM4;A01;2;452-02;A1;Fachklasse des dualen Systems der Berufsausbildung für ;Tierpfleger/ Tierpflegerin;Agrarwirtschaft;;x;;Tierheim und Tierpension;;Tierpfleger/ Tierpflegerinnen;A 1.5;A 1.5;;A 1.6;A 1.8;;A 1.9;;;;A 1.7;
VBES;TIO1;A01;3;452-03;A1;Fachklasse des dualen Systems der Berufsausbildung für ;Tierpfleger/ Tierpflegerin;Agrarwirtschaft;;x;;Zootierpfleger;;Tierpfleger/ Tierpflegerinnen;A 1.5;A 1.5;;A 1.6;A 1.8;;A 1.9;;;;A 1.7;
VBES;TIO2;A01;3;452-02;A1;Fachklasse des dualen Systems der Berufsausbildung für ;Tierpfleger/ Tierpflegerin;Agrarwirtschaft;;x;;Tierheim und Tierpension;;Tierpfleger/ Tierpflegerinnen;A 1.5;A 1.5;;A 1.6;A 1.8;;A 1.9;;;;A 1.7;
VBES;TIO3;A01;3;452-01;A1;Fachklasse des dualen Systems der Berufsausbildung für ;Tierpfleger/ Tierpflegerin;Agrarwirtschaft;;X;;Forschung und Klinik;;Tierpfleger/ Tierpflegerinnen;A 1.5;A 1.5;;A 1.6;A 1.8;;A 1.9;;;;A 1.7;
VBES;TIO4;A01;3;452-02;A1;Fachklasse des dualen Systems der Berufsausbildung für ;Tierpfleger/ Tierpflegerin;Agrarwirtschaft;;x;;Tierheim und Tierpension;;Tierpfleger/ Tierpflegerinnen;A 1.5;A 1.5;;A 1.6;A 1.8;;A 1.9;;;;A 1.7;
VBES;TIU1;A01;1;452-03;A1;Fachklasse des dualen Systems der Berufsausbildung für ;Tierpfleger/ Tierpflegerin;Agrarwirtschaft;;x;;Zootierpfleger;;Tierpfleger/ Tierpflegerinnen;A 1.5;A 1.5;;A 1.6;A 1.8;;A 1.9;;;;A 1.7;
VBES;TIU2;A01;1;452-02;A1;Fachklasse des dualen Systems der Berufsausbildung für ;Tierpfleger/ Tierpflegerin;Agrarwirtschaft;;x;;Tierheim und Tierpension;;Tierpfleger/ Tierpflegerinnen;A 1.5;A 1.5;;A 1.6;A 1.8;;A 1.9;;;;A 1.7;
VBES;TIU3;A01;1;452-01;A1;Fachklasse des dualen Systems der Berufsausbildung für ;Tierpfleger/ Tierpflegerin;Agrarwirtschaft;;X;;Forschung und Klinik;;Tierpfleger/ Tierpflegerinnen;A 1.5;A 1.5;;A 1.6;A 1.8;;A 1.9;;;;A 1.7;
VBES;TIU4;A01;1;452-02;A1;Fachklasse des dualen Systems der Berufsausbildung für ;Tierpfleger/ Tierpflegerin;Agrarwirtschaft;;x;;Tierheim und Tierpension;;Tierpfleger/ Tierpflegerinnen;A 1.5;A 1.5;;A 1.6;A 1.8;;A 1.9;;;;A 1.7;
WILL;FSHM;E13;2;104-02;E1;Fachschule;Staatlich geprüfter Wirtschafter/ staatlich geprüfte Wirtschafterin;Ernährungs- und Versorgungsmanagement;;x;;Großhaushalt;;Staatlich geprüfte Wirtschafter/ staatlich geprüfte Wirtschafterinnen;;;;E;E;;E;;;;E;
WILL;FSHO;E13;3;104-02;E1;Fachschule;Staatlich geprüfter Wirtschafter/ staatlich geprüfte Wirtschafterin;Ernährungs- und Versorgungsmanagement;;x;;Großhaushalt;;Staatlich geprüfte Wirtschafter/ staatlich geprüfte Wirtschafterinnen;;E;;E;E;;E;;;;E;
WILL;FSHU;E13;1;104-02;E1;Fachschule;Staatlich geprüfter Wirtschafter/ staatlich geprüfte Wirtschafterin;Ernährungs- und Versorgungsmanagement;;x;;Großhaushalt;;Staatlich geprüfte Wirtschafter/ staatlich geprüfte Wirtschafterinnen;;E;;E;E;;E;;;;E;
WILL;HBHO;C03;2;106-00;C5(alt);Berufsfachschule;;Ernährung/ Hauswirtschaft;;;;;;;C5;;;;;;;;;;;
WILL;HBHU;C03;1;106-00;C2;Berufsfachschule;;Ernährung/ Hauswirtschaft;;;;;;;C5;C6;;;;;;C7;x;;;
WILL;HWHM;A01;2;825-00;A1;Fachklasse des dualen Systems der Berufsausbildung für ;Fachpraktiker Hauswirtschaft/ Fachpraktikerin Hauswirtschaft;Ernährungs- und Versorgungsmanagement;;;;;;Fachpraktiker Hauswirtschaft/ Fachpraktikerinnen Hauswirtschaft;A 1.5;A 1.5;;A 1.6;A 1.8;;A 1.9;;;;A 1.7;
WILL;HWHO;A01;3;825-00;A1;Fachklasse des dualen Systems der Berufsausbildung für ;Hauswirtschaftshelfer/ Hauswirtschaftshelferinnen;Ernährungs- und Versorgungsmanagement;;;;;;Hauswirtschaftshelfer/ Hauswirtschaftshelferinnen;A 1.5;A 1.5;;A 1.6;A 1.8;;A 1.9;;;;A 1.7;
WILL;HWHU;A01;1;891-00;A1;Fachklasse des dualen Systems der Berufsausbildung für ;Fachpraktiker Hauswirtschaft/ Fachpraktikerin Hauswirtschaft;Ernährungs- und Versorgungsmanagement;;;;;;Fachpraktiker Hauswirtschaft/ Fachpraktikerinnen Hauswirtschaft;A 1.5;A 1.5;;A 1.6;A 1.8;;A 1.9;;;;A 1.7;
WILL;HWM;A01;2;257-00;A1;Fachklasse des dualen Systems der Berufsausbildung für ;Hauswirtschafter/ Hauswirtschafterin;Ernährungs- und Versorgungsmanagement;;;;;;Hauswirtschafter/ Hauswirtschafterinnen;A 1.5;A 1.5;;A 1.6;A 1.8;;A 1.9;;;;A 1.7;
WILL;HWO;A01;3;257-00;A1;Fachklasse des dualen Systems der Berufsausbildung für ;Hauswirtschafter/ Hauswirtschafterin;Ernährungs- und Versorgungsmanagement;;;;;;Hauswirtschafter/ Hauswirtschafterinnen;A 1.5;A 1.5;;A 1.6;A 1.8;;A 1.9;;;;A 1.7;
WILL;HWU;A01;1;257-00;A1;Fachklasse des dualen Systems der Berufsausbildung für ;Hauswirtschafter/ Hauswirtschafterin;Ernährungs- und Versorgungsmanagement;;;;;;Hauswirtschafter/ Hauswirtschafterinnen;A 1.5;A 1.5;;A 1.6;A 1.8;;A 1.9;;;;A 1.7;
